{"fps": 40, "data": {"r_elbow_y": [-0.04296875, -0.130859375, -0.04296875, -0.130859375, -0.04296875, -0.04296875, -0.04296875, -0.04296875, -0.04296875, -0.130859375, -0.04296875, -0.04296875, -0.130859375, -0.04296875, -0.04296875, -0.04296875, -0.04296875, -0.130859375, -0.04296875, -0.04296875, -0.04296875, -0.04296875, -0.04296875, -0.130859375, -0.04296875, -0.04296875, -0.04296875, -0.04296875, -0.04296875, -0.04296875, -0.130859375, -0.04296875, -0.04296875, -0.04296875, -0.04296875, -0.04296875, -0.04296875, -0.04296875, -0.04296875, -0.04296875, -0.04296875, -0.04296875, -0.04296875, -0.04296875, -0.04296875, -0.04296875, -0.04296875, -0.04296875, -0.04296875, -0.04296875, -0.04296875, -0.04296875, -0.04296875, -0.04296875, -0.04296875, -0.04296875, -0.04296875, -0.04296875, -0.04296875, -0.130859375, -0.482421875, -1.009765625, -1.80078125, -3.119140625, -4.26171875, -5.66796875, -7.25, -8.83203125, -10.58984375, -12.5234375, -14.896484375, -17.26953125, -19.73046875, -22.71875, -25.35546875, -27.9921875, -30.716796875, -32.73828125, -34.232421875, -34.935546875, -34.759765625, -34.408203125, -33.6171875, -32.298828125, -30.892578125, -29.134765625, -27.11328125, -24.4765625, -21.6640625, -19.291015625, -16.21484375, -13.314453125, -10.4140625, -7.07421875, -4.0859375, -1.009765625, 2.505859375, 5.669921875, 8.658203125, 11.646484375, 15.07421875, 17.7109375, 20.083984375, 22.369140625, 23.951171875, 24.830078125, 25.09375, 24.91796875, 24.654296875, 24.302734375, 23.3359375, 22.28125, 20.875, 18.94140625, 16.919921875, 14.634765625, 11.646484375, 8.921875, 6.021484375, 2.9453125, -0.482421875, -3.55859375, -6.546875, -9.88671875, -12.69921875, -15.3359375, -18.1484375, -20.2578125, -22.103515625, -23.509765625, -24.388671875, -24.4765625, -24.30078125, -24.125, -23.7734375, -23.24609375, -22.279296875, -21.224609375, -19.994140625, -18.5, -16.56640625, -14.6328125, -12.611328125, -9.798828125, -7.25, -4.701171875, -1.361328125, 1.451171875, 4.3515625, 7.1640625, 10.328125, 12.876953125, 15.337890625, 18.150390625, 20.259765625, 22.193359375, 24.126953125, 25.181640625, 25.62109375, 25.62109375, 25.4453125, 25.181640625, 24.7421875, 23.599609375, 22.369140625, 20.611328125, 18.326171875, 16.041015625, 13.66796875, 10.85546875, 8.130859375, 5.494140625, 2.76953125, -0.306640625, -2.85546875, -5.404296875, -8.041015625, -10.501953125, -12.787109375, -14.984375, -17.4453125, -19.291015625, -20.873046875, -22.71875, -23.861328125, -24.65234375, -25.1796875, -25.267578125, -25.267578125, -25.1796875, -25.091796875, -25.00390625, -24.65234375, -24.037109375, -23.24609375, -22.103515625, -20.78515625, -18.939453125, -17.26953125, -15.599609375, -13.578125, -11.99609375, -10.501953125, -8.919921875, -7.689453125, -6.546875, -5.404296875, -4.0859375, -2.767578125, -1.888671875, -0.833984375, 0.044921875, 0.8359375, 1.626953125, 2.330078125, 2.857421875, 3.384765625, 3.82421875, 4.17578125, 4.52734375, 5.0546875, 5.494140625, 5.7578125, 6.197265625, 6.548828125, 6.63671875, 6.63671875, 6.63671875, 6.63671875, 6.63671875, 6.724609375, 6.63671875, 6.63671875, 6.63671875, 6.63671875, 6.63671875, 6.63671875, 6.63671875, 6.548828125, 6.548828125, 6.373046875, 6.28515625, 6.109375, 6.021484375, 5.93359375, 5.845703125, 5.7578125, 5.58203125, 5.40625, 5.23046875, 5.142578125, 5.0546875, 4.966796875, 4.966796875, 4.966796875, 4.966796875], "r_arm_z": [0.009765625, -0.166015625, -0.25390625, -0.166015625, -0.25390625, -0.166015625, 0.009765625, 0.009765625, 0.009765625, -0.166015625, -0.166015625, 0.09765625, -0.078125, -0.25390625, -0.166015625, -0.25390625, -0.25390625, 0.009765625, 0.09765625, 0.09765625, -0.078125, -0.25390625, 0.009765625, 0.09765625, 0.009765625, -0.166015625, -0.25390625, -0.25390625, -0.25390625, -0.166015625, 0.09765625, 0.2734375, 0.44921875, 0.712890625, 1.328125, 1.943359375, 2.822265625, 4.140625, 5.458984375, 6.953125, 8.798828125, 10.99609375, 12.666015625, 14.951171875, 17.5, 19.873046875, 22.333984375, 24.970703125, 27.16796875, 29.365234375, 32.08984375, 33.759765625, 35.60546875, 37.890625, 39.736328125, 41.58203125, 43.515625, 45.185546875, 46.85546875, 48.525390625, 50.634765625, 52.12890625, 53.88671875, 56.083984375, 57.9296875, 59.951171875, 62.236328125, 64.08203125, 65.927734375, 67.685546875, 69.619140625, 71.201171875, 72.34375, 73.486328125, 74.365234375, 75.33203125, 76.123046875, 76.5625, 76.73828125, 76.73828125, 76.73828125, 76.73828125, 76.73828125, 76.650390625, 76.38671875, 76.123046875, 75.947265625, 75.68359375, 75.419921875, 75.244140625, 75.068359375, 74.892578125, 74.716796875, 74.716796875, 74.62890625, 74.62890625, 74.62890625, 74.541015625, 74.541015625, 74.453125, 74.453125, 74.453125, 74.453125, 74.453125, 74.365234375, 74.365234375, 74.365234375, 74.27734375, 74.189453125, 74.013671875, 73.75, 73.662109375, 73.57421875, 73.57421875, 73.57421875, 73.57421875, 73.57421875, 73.57421875, 73.57421875, 73.57421875, 73.57421875, 73.57421875, 73.57421875, 73.57421875, 73.57421875, 73.57421875, 73.57421875, 73.57421875, 73.57421875, 73.57421875, 73.57421875, 73.57421875, 73.57421875, 73.57421875, 73.57421875, 73.57421875, 73.57421875, 73.662109375, 73.662109375, 73.662109375, 73.662109375, 73.57421875, 73.57421875, 73.57421875, 73.57421875, 73.57421875, 73.57421875, 73.57421875, 73.57421875, 73.57421875, 73.57421875, 73.57421875, 73.57421875, 73.57421875, 73.662109375, 73.57421875, 73.57421875, 73.57421875, 73.57421875, 73.57421875, 73.57421875, 73.662109375, 73.57421875, 73.57421875, 73.57421875, 73.57421875, 73.57421875, 73.57421875, 73.662109375, 73.57421875, 73.57421875, 73.57421875, 73.662109375, 73.57421875, 73.662109375, 73.57421875, 73.57421875, 73.57421875, 73.662109375, 73.57421875, 73.57421875, 73.57421875, 73.57421875, 73.57421875, 73.57421875, 73.57421875, 73.57421875, 73.57421875, 73.57421875, 73.57421875, 73.57421875, 73.57421875, 73.57421875, 73.57421875, 73.57421875, 73.486328125, 73.3984375, 73.046875, 72.607421875, 72.255859375, 71.81640625, 71.640625, 71.640625, 71.640625, 71.640625, 71.640625, 71.46484375, 70.9375, 69.53125, 68.125, 65.751953125, 63.203125, 60.654296875, 57.578125, 54.765625, 52.041015625, 49.140625, 46.85546875, 44.658203125, 42.63671875, 40.615234375, 38.857421875, 37.451171875, 35.78125, 34.55078125, 33.408203125, 32.177734375, 30.595703125, 29.1015625, 27.16796875, 25.5859375, 24.091796875, 22.509765625, 20.400390625, 18.642578125, 16.4453125, 14.775390625, 12.490234375, 10.29296875, 8.18359375, 5.8984375, 3.96484375, 2.03125, 0.009765625, -1.572265625, -2.626953125, -3.76953125, -4.912109375, -5.52734375, -5.703125, -5.703125, -5.703125, -5.703125, -5.703125, -5.703125, -5.703125],